pkid,layers,method,backend,shots,ARG,in_constraints_probs,best_solution_probs,iteration_count
0,10,penalty,FakeKyiv,16,46.36057692307692,12.5,0,116
0,10,cyclic,FakeKyiv,16,35.78846153846154,12.5,0,110
0,1,commute,FakeKyiv,16,25.182692307692307,56.25,50.0,19
0,10,HEA,FakeKyiv,16,54.34134615384615,6.25,0,151
0,10,penalty,FakeKyiv,16,40.0375,6.25,0,124
0,10,cyclic,FakeKyiv,16,33.31666666666667,12.5,0,123
0,1,commute,FakeKyiv,16,26.595833333333335,50.0,0,19
0,10,HEA,FakeKyiv,16,38.4,18.75,6.25,151
0,10,penalty,FakeKyiv,16,67.775,18.75,0,125
0,10,cyclic,FakeKyiv,16,60.65,0,0,108
0,1,commute,FakeKyiv,16,15.2375,75.0,62.5,18
0,10,HEA,FakeKyiv,16,45.675,18.75,0,151
1,10,penalty,FakeKyiv,16,775.1875,0,0,118
1,10,cyclic,FakeKyiv,16,1000.3125,0,0,106
1,1,commute,FakeKyiv,16,925.1875,0,0,18
1,10,HEA,FakeKyiv,16,925.3125,0,0,151
1,10,penalty,FakeKyiv,16,912.71875,0,0,101
1,10,cyclic,FakeKyiv,16,912.6875,0,0,107
1,1,commute,FakeKyiv,16,812.71875,0,0,19
1,10,HEA,FakeKyiv,16,837.8125,0,0,151
1,10,penalty,FakeKyiv,16,725.3125,12.5,12.5,100
1,10,cyclic,FakeKyiv,16,1075.375,0,0,106
1,1,commute,FakeKyiv,16,675.1875,0,0,18
1,10,HEA,FakeKyiv,16,925.25,0,0,151
2,10,penalty,FakeKyiv,16,65.05416666666666,6.25,0,130
2,10,cyclic,FakeKyiv,16,46.81041666666667,6.25,0,111
2,1,commute,FakeKyiv,16,36.827083333333334,25.0,0,19
2,10,HEA,FakeKyiv,16,69.94166666666666,6.25,0,151
2,10,penalty,FakeKyiv,16,64.08238636363636,6.25,0,104
2,10,cyclic,FakeKyiv,16,57.01988636363637,6.25,0,124
2,1,commute,FakeKyiv,16,52.73295454545455,25.0,25.0,18
2,10,HEA,FakeKyiv,16,50.37215909090909,12.5,0,151
2,10,penalty,FakeKyiv,16,71.03448275862068,6.25,6.25,105
2,10,cyclic,FakeKyiv,16,50.3448275862069,0,0,119
2,1,commute,FakeKyiv,16,69.30172413793103,6.25,6.25,21
2,10,HEA,FakeKyiv,16,65.9375,0,0,151
0,10,penalty,FakeKyiv,64,62.15745192307692,10.9375,1.5625,146
0,10,cyclic,FakeKyiv,64,49.71514423076923,18.75,7.8125,145
0,1,commute,FakeKyiv,64,21.973557692307693,60.9375,53.125,19
0,10,HEA,FakeKyiv,64,62.00240384615385,12.5,4.6875,151
0,10,penalty,FakeKyiv,64,50.38645833333333,18.75,4.6875,131
0,10,cyclic,FakeKyiv,64,40.41458333333333,25.0,4.6875,124
0,1,commute,FakeKyiv,64,14.135416666666666,73.4375,20.3125,23
0,10,HEA,FakeKyiv,64,48.41458333333333,6.25,0,151
0,10,penalty,FakeKyiv,64,68.56875,12.5,3.125,119
0,10,cyclic,FakeKyiv,64,71.9125,14.0625,3.125,121
0,1,commute,FakeKyiv,64,17.6,75.0,67.1875,18
0,10,HEA,FakeKyiv,64,82.346875,3.125,1.5625,151
1,10,penalty,FakeKyiv,64,1075.296875,0,0,121
1,10,cyclic,FakeKyiv,64,1125.3359375,0,0,137
1,1,commute,FakeKyiv,64,934.6328125,0,0,17
1,10,HEA,FakeKyiv,64,1137.796875,0,0,151
1,10,penalty,FakeKyiv,64,925.2734375,1.5625,0,123
1,10,cyclic,FakeKyiv,64,975.3203125,0,0,139
1,1,commute,FakeKyiv,64,781.421875,4.6875,1.5625,21
1,10,HEA,FakeKyiv,64,1100.3203125,0,0,151
1,10,penalty,FakeKyiv,64,931.4921875,0,0,127
1,10,cyclic,FakeKyiv,64,990.890625,0,0,117
1,1,commute,FakeKyiv,64,931.4765625,4.6875,3.125,19
1,10,HEA,FakeKyiv,64,1215.953125,0,0,151
2,10,penalty,FakeKyiv,64,72.2375,1.5625,1.5625,107
2,10,cyclic,FakeKyiv,64,62.309375,0,0,142
2,1,commute,FakeKyiv,64,58.6078125,9.375,1.5625,22
2,10,HEA,FakeKyiv,64,70.66822916666666,7.8125,4.6875,151
2,10,penalty,FakeKyiv,64,58.4296875,7.8125,3.125,114
2,10,cyclic,FakeKyiv,64,68.1328125,1.5625,0,123
2,1,commute,FakeKyiv,64,42.97727272727273,23.4375,14.0625,23
2,10,HEA,FakeKyiv,64,65.2059659090909,7.8125,3.125,151
2,10,penalty,FakeKyiv,64,65.44827586206897,1.5625,1.5625,139
2,10,cyclic,FakeKyiv,64,69.83620689655173,7.8125,1.5625,120
2,1,commute,FakeKyiv,64,63.23760775862069,14.0625,10.9375,21
2,10,HEA,FakeKyiv,64,73.3103448275862,7.8125,0,151
0,10,penalty,FakeKyiv,256,53.87409855769231,10.546875,6.640625,129
0,10,cyclic,FakeKyiv,256,60.21183894230769,9.765625,1.5625,134
0,1,commute,FakeKyiv,256,21.09765625,62.109375,50.0,27
0,10,HEA,FakeKyiv,256,66.62169471153847,8.984375,4.296875,151
0,10,penalty,FakeKyiv,256,54.92526041666667,10.9375,1.171875,133
0,10,cyclic,FakeKyiv,256,53.20859375,11.71875,2.734375,138
0,1,commute,FakeKyiv,256,16.9046875,64.0625,6.640625,27
0,10,HEA,FakeKyiv,256,58.092708333333334,12.109375,3.125,151
0,10,penalty,FakeKyiv,256,75.0953125,15.625,7.8125,151
0,10,cyclic,FakeKyiv,256,79.184375,9.375,1.953125,138
0,1,commute,FakeKyiv,256,31.7484375,55.078125,45.703125,21
0,10,HEA,FakeKyiv,256,81.2328125,10.546875,2.734375,151
1,10,penalty,FakeKyiv,256,970.625,0.390625,0,151
1,10,cyclic,FakeKyiv,256,1051.869140625,0.390625,0.390625,140
1,1,commute,FakeKyiv,256,986.998046875,3.125,1.5625,21
1,10,HEA,FakeKyiv,256,1146.404296875,0.390625,0.390625,151
1,10,penalty,FakeKyiv,256,1019.05859375,1.171875,0.78125,139
1,10,cyclic,FakeKyiv,256,1040.91796875,0.78125,0.390625,137
1,1,commute,FakeKyiv,256,911.162109375,3.90625,3.515625,20
1,10,HEA,FakeKyiv,256,1138.59375,0,0,151
1,10,penalty,FakeKyiv,256,1065.92578125,0.390625,0.390625,135
1,10,cyclic,FakeKyiv,256,1078.390625,0.78125,0.390625,148
1,1,commute,FakeKyiv,256,869.748046875,3.515625,1.5625,24
1,10,HEA,FakeKyiv,256,1154.205078125,0.390625,0.390625,151
2,10,penalty,FakeKyiv,256,75.02721354166667,1.953125,0,133
2,10,cyclic,FakeKyiv,256,70.6,0.78125,0.78125,135
2,1,commute,FakeKyiv,256,49.20520833333333,14.84375,5.859375,28
2,10,HEA,FakeKyiv,256,72.93359375,3.125,1.171875,151
2,10,penalty,FakeKyiv,256,67.07457386363636,3.125,1.171875,131
2,10,cyclic,FakeKyiv,256,67.94566761363636,2.34375,0.78125,145
2,1,commute,FakeKyiv,256,58.69815340909091,15.234375,9.765625,21
2,10,HEA,FakeKyiv,256,67.40997869318181,3.515625,1.5625,151
2,10,penalty,FakeKyiv,256,72.4978448275862,1.5625,0.390625,151
2,10,cyclic,FakeKyiv,256,78.54431573275862,1.171875,0.390625,128
2,1,commute,FakeKyiv,256,65.63671875,11.328125,7.8125,25
2,10,HEA,FakeKyiv,256,75.66163793103448,3.125,0.78125,151
0,10,penalty,FakeKyiv,1024,64.68832632211539,8.49609375,3.02734375,151
0,10,cyclic,FakeKyiv,1024,55.54176682692308,15.625,3.515625,148
0,1,commute,FakeKyiv,1024,22.24842247596154,59.27734375,49.51171875,29
0,10,HEA,FakeKyiv,1024,72.67307692307692,6.0546875,1.66015625,151
0,10,penalty,FakeKyiv,1024,54.6701171875,7.03125,1.3671875,145
0,10,cyclic,FakeKyiv,1024,50.05520833333333,14.74609375,2.05078125,129
0,1,commute,FakeKyiv,1024,16.954361979166666,66.11328125,12.6953125,36
0,10,HEA,FakeKyiv,1024,61.95494791666667,6.8359375,1.7578125,151
0,10,penalty,FakeKyiv,1024,85.5484375,7.2265625,2.1484375,123
0,10,cyclic,FakeKyiv,1024,82.8078125,12.109375,3.515625,151
0,1,commute,FakeKyiv,1024,28.1890625,60.05859375,47.75390625,29
0,10,HEA,FakeKyiv,1024,87.6923828125,7.32421875,1.7578125,151
1,10,penalty,FakeKyiv,1024,1067.486328125,0.87890625,0.48828125,151
1,10,cyclic,FakeKyiv,1024,1104.2041015625,0.29296875,0.1953125,143
1,1,commute,FakeKyiv,1024,889.10009765625,2.05078125,1.7578125,33
1,10,HEA,FakeKyiv,1024,1125.107421875,0.87890625,0.5859375,151
1,10,penalty,FakeKyiv,1024,1116.12939453125,0.29296875,0.1953125,151
1,10,cyclic,FakeKyiv,1024,1118.4716796875,0.87890625,0.5859375,143
1,1,commute,FakeKyiv,1024,895.751953125,2.9296875,2.63671875,20
1,10,HEA,FakeKyiv,1024,1159.86865234375,0.78125,0.390625,151
1,10,penalty,FakeKyiv,1024,1078.609375,0.390625,0.1953125,151
1,10,cyclic,FakeKyiv,1024,1131.75830078125,0.48828125,0.29296875,149
1,1,commute,FakeKyiv,1024,925.44970703125,3.125,1.85546875,29
1,10,HEA,FakeKyiv,1024,1164.15869140625,0.1953125,0.1953125,151
2,10,penalty,FakeKyiv,1024,74.87412109375,1.953125,0.390625,130
2,10,cyclic,FakeKyiv,1024,74.2658203125,1.5625,0.29296875,142
2,1,commute,FakeKyiv,1024,47.26634114583333,16.11328125,4.6875,34
2,10,HEA,FakeKyiv,1024,75.71780598958334,2.1484375,0.5859375,151
2,10,penalty,FakeKyiv,1024,68.85142933238636,2.9296875,0.78125,132
2,10,cyclic,FakeKyiv,1024,69.96928267045455,1.85546875,0.87890625,116
2,1,commute,FakeKyiv,1024,54.05952592329545,15.13671875,5.56640625,30
2,10,HEA,FakeKyiv,1024,70.75550426136364,2.83203125,1.26953125,151
2,10,penalty,FakeKyiv,1024,74.80721309267241,2.05078125,0.87890625,144
2,10,cyclic,FakeKyiv,1024,78.16877693965517,1.85546875,0.78125,132
2,1,commute,FakeKyiv,1024,58.25161637931034,13.8671875,9.27734375,31
2,10,HEA,FakeKyiv,1024,79.97750538793103,1.953125,0.48828125,151
0,10,penalty,FakeKyiv,4096,57.39462515024039,14.3798828125,6.298828125,151
0,10,cyclic,FakeKyiv,4096,61.33340219350961,11.181640625,2.6611328125,150
0,1,commute,FakeKyiv,4096,21.948167067307693,61.5234375,49.853515625,27
0,10,HEA,FakeKyiv,4096,70.65074744591347,8.1787109375,1.85546875,151
0,10,penalty,FakeKyiv,4096,52.67998046875,11.42578125,1.0009765625,151
0,10,cyclic,FakeKyiv,4096,55.86964518229167,14.5263671875,6.1767578125,136
0,1,commute,FakeKyiv,4096,17.56611328125,63.3544921875,11.1328125,33
0,10,HEA,FakeKyiv,4096,58.89873046875,10.9375,1.6357421875,151
0,10,penalty,FakeKyiv,4096,78.04931640625,10.7666015625,1.904296875,151
0,10,cyclic,FakeKyiv,4096,72.447705078125,18.0908203125,8.88671875,151
0,1,commute,FakeKyiv,4096,27.5427734375,61.1328125,51.3671875,29
0,10,HEA,FakeKyiv,4096,89.454736328125,10.25390625,2.880859375,151
1,10,penalty,FakeKyiv,4096,1082.4783935546875,0.5126953125,0.341796875,151
1,10,cyclic,FakeKyiv,4096,1154.599853515625,0.6591796875,0.3662109375,147
1,1,commute,FakeKyiv,4096,885.5145263671875,3.5400390625,2.197265625,31
1,10,HEA,FakeKyiv,4096,1151.775390625,0.48828125,0.2685546875,151
1,10,penalty,FakeKyiv,4096,1137.4676513671875,0.6103515625,0.4638671875,150
1,10,cyclic,FakeKyiv,4096,1154.1644287109375,0.537109375,0.390625,147
1,1,commute,FakeKyiv,4096,923.662353515625,3.173828125,2.9296875,25
1,10,HEA,FakeKyiv,4096,1154.997802734375,0.537109375,0.3662109375,151
1,10,penalty,FakeKyiv,4096,1164.3668212890625,0.4638671875,0.1953125,140
1,10,cyclic,FakeKyiv,4096,1142.3492431640625,0.5126953125,0.341796875,151
1,1,commute,FakeKyiv,4096,913.9637451171875,3.0029296875,1.85546875,30
1,10,HEA,FakeKyiv,4096,1186.300048828125,0.29296875,0.1953125,151
2,10,penalty,FakeKyiv,4096,75.0112548828125,2.0263671875,0.4638671875,138
2,10,cyclic,FakeKyiv,4096,78.8090576171875,1.3916015625,0.2685546875,125
2,1,commute,FakeKyiv,4096,44.232845052083334,16.943359375,9.228515625,36
2,10,HEA,FakeKyiv,4096,76.52369791666666,1.46484375,0.3173828125,151
2,10,penalty,FakeKyiv,4096,71.93690074573864,2.44140625,0.6591796875,148
2,10,cyclic,FakeKyiv,4096,72.27880859375,2.3193359375,1.0498046875,145
2,1,commute,FakeKyiv,4096,58.59642444957387,12.060546875,7.51953125,31
2,10,HEA,FakeKyiv,4096,69.57390802556819,3.173828125,1.3671875,151
2,10,penalty,FakeKyiv,4096,80.33151771282327,1.4404296875,0.341796875,135
2,10,cyclic,FakeKyiv,4096,77.7192803744612,1.7822265625,0.537109375,149
2,1,commute,FakeKyiv,4096,61.1583041487069,12.9638671875,9.6435546875,30
2,10,HEA,FakeKyiv,4096,79.16445817618535,1.2939453125,0.29296875,151
0,10,penalty,FakeTorino,16,42.94711538461539,12.5,0,123
0,10,cyclic,FakeTorino,16,47.10096153846154,12.5,0,102
0,1,commute,FakeTorino,16,15.75,68.75,62.5,17
0,10,HEA,FakeTorino,16,60.25480769230769,6.25,0,151
0,10,penalty,FakeTorino,16,32.2875,18.75,0,133
0,10,cyclic,FakeTorino,16,43.5125,0,0,116
0,1,commute,FakeTorino,16,15.108333333333333,68.75,6.25,21
0,10,HEA,FakeTorino,16,32.11666666666667,12.5,6.25,151
0,10,penalty,FakeTorino,16,52.6,0,0,132
0,10,cyclic,FakeTorino,16,57.7875,18.75,6.25,103
0,1,commute,FakeTorino,16,30.05,62.5,56.25,18
0,10,HEA,FakeTorino,16,55.3625,12.5,0,151
1,10,penalty,FakeTorino,16,737.6875,6.25,6.25,108
1,10,cyclic,FakeTorino,16,812.8125,0,0,106
1,1,commute,FakeTorino,16,1012.71875,6.25,6.25,20
1,10,HEA,FakeTorino,16,800.25,0,0,151
1,10,penalty,FakeTorino,16,1025.4375,0,0,129
1,10,cyclic,FakeTorino,16,912.8125,0,0,103
1,1,commute,FakeTorino,16,637.71875,18.75,6.25,18
1,10,HEA,FakeTorino,16,837.71875,0,0,151
1,10,penalty,FakeTorino,16,962.90625,0,0,109
1,10,cyclic,FakeTorino,16,800.09375,0,0,118
1,1,commute,FakeTorino,16,775.28125,0,0,16
1,10,HEA,FakeTorino,16,937.75,0,0,151
2,10,penalty,FakeTorino,16,48.40416666666667,0,0,148
2,10,cyclic,FakeTorino,16,58.43541666666667,0,0,110
2,1,commute,FakeTorino,16,41.7375,18.75,6.25,23
2,10,HEA,FakeTorino,16,50.108333333333334,12.5,0,151
2,10,penalty,FakeTorino,16,41.26420454545455,6.25,6.25,113
2,10,cyclic,FakeTorino,16,45.83522727272727,6.25,6.25,117
2,1,commute,FakeTorino,16,70.80397727272727,25.0,25.0,20
2,10,HEA,FakeTorino,16,50.41477272727273,12.5,6.25,151
2,10,penalty,FakeTorino,16,57.422413793103445,0,0,132
2,10,cyclic,FakeTorino,16,64.09051724137932,0,0,118
2,1,commute,FakeTorino,16,22.73491379310345,50.0,31.25,17
2,10,HEA,FakeTorino,16,48.58620689655172,12.5,6.25,151
0,10,penalty,FakeTorino,64,54.29567307692308,10.9375,3.125,113
0,10,cyclic,FakeTorino,64,39.78605769230769,28.125,4.6875,127
0,1,commute,FakeTorino,64,16.665865384615383,68.75,57.8125,17
0,10,HEA,FakeTorino,64,55.06370192307692,14.0625,3.125,151
0,10,penalty,FakeTorino,64,45.19895833333333,18.75,14.0625,144
0,10,cyclic,FakeTorino,64,40.063541666666666,31.25,7.8125,109
0,1,commute,FakeTorino,64,8.013541666666667,78.125,6.25,19
0,10,HEA,FakeTorino,64,48.896875,10.9375,1.5625,151
0,10,penalty,FakeTorino,64,57.246875,25.0,12.5,126
0,10,cyclic,FakeTorino,64,39.928125,31.25,9.375,139
0,1,commute,FakeTorino,64,20.746875,68.75,56.25,22
0,10,HEA,FakeTorino,64,80.434375,12.5,0,151
1,10,penalty,FakeTorino,64,906.5,0,0,128
1,10,cyclic,FakeTorino,64,890.8125,3.125,3.125,114
1,1,commute,FakeTorino,64,822.0390625,1.5625,0,20
1,10,HEA,FakeTorino,64,997.203125,1.5625,0,151
1,10,penalty,FakeTorino,64,940.90625,3.125,3.125,145
1,10,cyclic,FakeTorino,64,931.5,0,0,129
1,1,commute,FakeTorino,64,747.015625,12.5,10.9375,29
1,10,HEA,FakeTorino,64,987.8359375,0,0,151
1,10,penalty,FakeTorino,64,1034.6953125,0,0,118
1,10,cyclic,FakeTorino,64,819.0,0,0,146
1,1,commute,FakeTorino,64,765.796875,6.25,4.6875,22
1,10,HEA,FakeTorino,64,981.53125,0,0,151
2,10,penalty,FakeTorino,64,67.18333333333334,0,0,133
2,10,cyclic,FakeTorino,64,67.73020833333334,3.125,0,149
2,1,commute,FakeTorino,64,42.26145833333333,23.4375,15.625,20
2,10,HEA,FakeTorino,64,58.89010416666667,6.25,4.6875,151
2,10,penalty,FakeTorino,64,60.02840909090909,0,0,139
2,10,cyclic,FakeTorino,64,69.8046875,1.5625,0,143
2,1,commute,FakeTorino,64,46.97798295454545,31.25,28.125,21
2,10,HEA,FakeTorino,64,62.92897727272727,4.6875,1.5625,151
2,10,penalty,FakeTorino,64,67.59859913793103,4.6875,0,131
2,10,cyclic,FakeTorino,64,59.072737068965516,1.5625,1.5625,133
2,1,commute,FakeTorino,64,43.90301724137931,14.0625,6.25,17
2,10,HEA,FakeTorino,64,74.41325431034483,0,0,151
0,10,penalty,FakeTorino,256,48.08533653846154,16.015625,4.296875,136
0,10,cyclic,FakeTorino,256,40.61328125,30.859375,3.515625,151
0,1,commute,FakeTorino,256,20.057091346153847,62.5,55.46875,18
0,10,HEA,FakeTorino,256,62.66706730769231,8.984375,3.125,151
0,10,penalty,FakeTorino,256,49.6078125,7.8125,0.390625,143
0,10,cyclic,FakeTorino,256,33.82604166666667,29.296875,4.6875,138
0,1,commute,FakeTorino,256,13.932552083333333,68.359375,6.640625,24
0,10,HEA,FakeTorino,256,55.52552083333333,10.15625,1.5625,151
0,10,penalty,FakeTorino,256,73.1765625,12.109375,2.34375,150
0,10,cyclic,FakeTorino,256,48.06015625,34.765625,1.5625,151
0,1,commute,FakeTorino,256,27.625,58.59375,50.390625,21
0,10,HEA,FakeTorino,256,83.74296875,10.15625,3.515625,151
1,10,penalty,FakeTorino,256,1090.150390625,1.171875,1.171875,141
1,10,cyclic,FakeTorino,256,1013.544921875,0.390625,0.390625,144
1,1,commute,FakeTorino,256,929.935546875,5.078125,3.90625,22
1,10,HEA,FakeTorino,256,1052.650390625,0.78125,0.390625,151
1,10,penalty,FakeTorino,256,1060.466796875,0.390625,0,148
1,10,cyclic,FakeTorino,256,1055.732421875,0.390625,0,128
1,1,commute,FakeTorino,256,777.529296875,5.078125,5.078125,22
1,10,HEA,FakeTorino,256,1088.5859375,0.78125,0,151
1,10,penalty,FakeTorino,256,997.943359375,0.78125,0,137
1,10,cyclic,FakeTorino,256,945.544921875,0,0,151
1,1,commute,FakeTorino,256,790.03515625,6.25,4.6875,21
1,10,HEA,FakeTorino,256,1112.80078125,0,0,151
2,10,penalty,FakeTorino,256,72.32057291666666,2.34375,0.390625,138
2,10,cyclic,FakeTorino,256,67.958203125,4.6875,1.953125,144
2,1,commute,FakeTorino,256,31.154166666666665,32.421875,17.1875,19
2,10,HEA,FakeTorino,256,69.01393229166666,3.90625,0.78125,151
2,10,penalty,FakeTorino,256,66.357421875,3.90625,0.390625,128
2,10,cyclic,FakeTorino,256,64.7881747159091,3.515625,1.171875,130
2,1,commute,FakeTorino,256,46.51828835227273,29.296875,25.78125,22
2,10,HEA,FakeTorino,256,64.82279829545455,5.859375,1.171875,151
2,10,penalty,FakeTorino,256,77.45985991379311,1.953125,0,134
2,10,cyclic,FakeTorino,256,69.90625,0.78125,0,130
2,1,commute,FakeTorino,256,46.32516163793103,23.046875,17.1875,27
2,10,HEA,FakeTorino,256,74.04997306034483,3.515625,1.171875,151
0,10,penalty,FakeTorino,1024,55.28665865384615,15.0390625,11.62109375,140
0,10,cyclic,FakeTorino,1024,50.15069110576923,12.6953125,1.26953125,146
0,1,commute,FakeTorino,1024,20.61463341346154,63.4765625,54.296875,28
0,10,HEA,FakeTorino,1024,65.85081129807692,10.9375,1.7578125,151
0,10,penalty,FakeTorino,1024,46.240299479166666,11.1328125,3.41796875,151
0,10,cyclic,FakeTorino,1024,46.23059895833333,19.140625,2.9296875,151
0,1,commute,FakeTorino,1024,15.109765625,64.94140625,8.203125,28
0,10,HEA,FakeTorino,1024,54.513736979166666,9.1796875,2.44140625,151
0,10,penalty,FakeTorino,1024,80.365234375,6.54296875,1.07421875,133
0,10,cyclic,FakeTorino,1024,55.977734375,25.9765625,2.734375,151
0,1,commute,FakeTorino,1024,24.5673828125,63.76953125,54.8828125,23
0,10,HEA,FakeTorino,1024,81.65625,14.35546875,4.39453125,151
1,10,penalty,FakeTorino,1024,1102.25390625,1.26953125,0.78125,146
1,10,cyclic,FakeTorino,1024,978.7919921875,1.07421875,0.68359375,151
1,1,commute,FakeTorino,1024,828.1376953125,7.6171875,6.15234375,32
1,10,HEA,FakeTorino,1024,1119.630859375,0.5859375,0.48828125,151
1,10,penalty,FakeTorino,1024,1071.5703125,0.5859375,0.390625,151
1,10,cyclic,FakeTorino,1024,992.83251953125,1.46484375,0.87890625,140
1,1,commute,FakeTorino,1024,706.64208984375,11.42578125,8.30078125,23
1,10,HEA,FakeTorino,1024,1116.494140625,0.390625,0.1953125,151
1,10,penalty,FakeTorino,1024,1131.95654296875,0.48828125,0.390625,151
1,10,cyclic,FakeTorino,1024,1037.3759765625,0.48828125,0.390625,151
1,1,commute,FakeTorino,1024,797.900390625,6.73828125,4.00390625,27
1,10,HEA,FakeTorino,1024,1143.84814453125,0.48828125,0.1953125,151
2,10,penalty,FakeTorino,1024,75.82623697916667,1.66015625,0.390625,133
2,10,cyclic,FakeTorino,1024,71.92096354166667,2.1484375,0.5859375,151
2,1,commute,FakeTorino,1024,37.78414713541667,18.84765625,12.40234375,34
2,10,HEA,FakeTorino,1024,72.38583984375,2.24609375,0.48828125,151
2,10,penalty,FakeTorino,1024,68.81636186079545,2.83203125,0.48828125,125
2,10,cyclic,FakeTorino,1024,69.06267755681819,2.1484375,0.5859375,130
2,1,commute,FakeTorino,1024,46.22642933238637,29.296875,24.90234375,34
2,10,HEA,FakeTorino,1024,66.6058682528409,3.3203125,0.78125,151
2,10,penalty,FakeTorino,1024,78.13463092672414,2.05078125,0.5859375,151
2,10,cyclic,FakeTorino,1024,70.89176993534483,2.5390625,0.5859375,151
2,1,commute,FakeTorino,1024,55.058155980603445,18.359375,14.453125,31
2,10,HEA,FakeTorino,1024,75.66443292025862,2.5390625,0.78125,151
0,10,penalty,FakeTorino,4096,55.52950345552885,5.126953125,0.2685546875,151
0,10,cyclic,FakeTorino,4096,49.15756460336539,25.4638671875,8.7646484375,135
0,1,commute,FakeTorino,4096,21.61176006610577,60.83984375,51.806640625,31
0,10,HEA,FakeTorino,4096,61.58584359975961,15.380859375,2.197265625,151
0,10,penalty,FakeTorino,4096,47.583642578125,18.115234375,1.5869140625,151
0,10,cyclic,FakeTorino,4096,45.745784505208334,12.353515625,2.34375,151
0,1,commute,FakeTorino,4096,17.2458984375,63.0615234375,7.8369140625,27
0,10,HEA,FakeTorino,4096,56.73743489583333,7.6171875,2.197265625,151
0,10,penalty,FakeTorino,4096,80.06826171875,10.7177734375,4.6142578125,151
0,10,cyclic,FakeTorino,4096,62.6416015625,21.2646484375,1.85546875,151
0,1,commute,FakeTorino,4096,24.883203125,62.0361328125,53.9306640625,30
0,10,HEA,FakeTorino,4096,77.890625,11.8408203125,4.9072265625,151
1,10,penalty,FakeTorino,4096,1047.9969482421875,0.48828125,0.390625,151
1,10,cyclic,FakeTorino,4096,1000.746826171875,1.0009765625,0.6103515625,151
1,1,commute,FakeTorino,4096,761.43994140625,9.9365234375,6.54296875,28
1,10,HEA,FakeTorino,4096,1150.0113525390625,0.7080078125,0.4150390625,151
1,10,penalty,FakeTorino,4096,909.2484130859375,1.0986328125,0.7568359375,151
1,10,cyclic,FakeTorino,4096,996.162109375,0.78125,0.5126953125,151
1,1,commute,FakeTorino,4096,796.3077392578125,6.640625,5.908203125,26
1,10,HEA,FakeTorino,4096,1158.9007568359375,0.5615234375,0.341796875,151
1,10,penalty,FakeTorino,4096,1008.622314453125,0.7080078125,0.4638671875,151
1,10,cyclic,FakeTorino,4096,951.169677734375,1.1962890625,0.927734375,151
1,1,commute,FakeTorino,4096,869.9346923828125,5.7861328125,3.61328125,32
1,10,HEA,FakeTorino,4096,1155.1925048828125,0.439453125,0.29296875,151
2,10,penalty,FakeTorino,4096,76.76201171875,2.1240234375,0.7080078125,146
2,10,cyclic,FakeTorino,4096,64.65899251302083,2.734375,0.5615234375,148
2,1,commute,FakeTorino,4096,28.640681966145834,31.3720703125,22.0458984375,32
2,10,HEA,FakeTorino,4096,72.77430826822916,2.587890625,0.634765625,151
2,10,penalty,FakeTorino,4096,72.24950062144886,2.2705078125,0.68359375,140
2,10,cyclic,FakeTorino,4096,68.78122780539773,3.0517578125,0.9521484375,151
2,1,commute,FakeTorino,4096,46.23344282670455,27.685546875,22.8271484375,33
2,10,HEA,FakeTorino,4096,66.38233531605114,3.466796875,1.6845703125,151
2,10,penalty,FakeTorino,4096,74.11441776670259,2.3193359375,0.6591796875,151
2,10,cyclic,FakeTorino,4096,70.65874191810344,2.587890625,0.5126953125,151
2,1,commute,FakeTorino,4096,49.99139614762931,19.53125,15.33203125,29
2,10,HEA,FakeTorino,4096,74.58923760775862,1.416015625,0.1953125,151
0,10,penalty,FakeBrisbane,16,43.08173076923077,6.25,0,123
0,10,cyclic,FakeBrisbane,16,48.41826923076923,12.5,0,110
0,1,commute,FakeBrisbane,16,25.360576923076923,50.0,37.5,17
0,10,HEA,FakeBrisbane,16,58.28365384615385,12.5,6.25,151
0,10,penalty,FakeBrisbane,16,51.34166666666667,6.25,6.25,109
0,10,cyclic,FakeBrisbane,16,28.591666666666665,37.5,0,116
0,1,commute,FakeBrisbane,16,23.395833333333332,62.5,12.5,15
0,10,HEA,FakeBrisbane,16,35.041666666666664,18.75,6.25,151
0,10,penalty,FakeBrisbane,16,72.725,12.5,0,106
0,10,cyclic,FakeBrisbane,16,63.1875,18.75,0,110
0,1,commute,FakeBrisbane,16,17.65,68.75,62.5,15
0,10,HEA,FakeBrisbane,16,55.7625,31.25,12.5,151
1,10,penalty,FakeBrisbane,16,937.84375,0,0,106
1,10,cyclic,FakeBrisbane,16,787.75,6.25,6.25,103
1,1,commute,FakeBrisbane,16,1112.78125,0,0,13
1,10,HEA,FakeBrisbane,16,812.75,0,0,151
1,10,penalty,FakeBrisbane,16,850.125,0,0,124
1,10,cyclic,FakeBrisbane,16,712.9375,0,0,126
1,1,commute,FakeBrisbane,16,1087.71875,0,0,16
1,10,HEA,FakeBrisbane,16,812.75,0,0,151
1,10,penalty,FakeBrisbane,16,1025.3125,6.25,0,115
1,10,cyclic,FakeBrisbane,16,1037.8125,0,0,115
1,1,commute,FakeBrisbane,16,987.8125,0,0,13
1,10,HEA,FakeBrisbane,16,1000.3125,0,0,151
2,10,penalty,FakeBrisbane,16,46.65416666666667,0,0,138
2,10,cyclic,FakeBrisbane,16,53.65208333333333,6.25,0,137
2,1,commute,FakeBrisbane,16,51.989583333333336,31.25,6.25,17
2,10,HEA,FakeBrisbane,16,66.62291666666667,0,0,151
2,10,penalty,FakeBrisbane,16,63.96875,0,0,99
2,10,cyclic,FakeBrisbane,16,48.01420454545455,6.25,0,129
2,1,commute,FakeBrisbane,16,66.38068181818181,18.75,6.25,19
2,10,HEA,FakeBrisbane,16,54.87215909090909,6.25,6.25,151
2,10,penalty,FakeBrisbane,16,69.06681034482759,0,0,124
2,10,cyclic,FakeBrisbane,16,55.338362068965516,12.5,0,125
2,1,commute,FakeBrisbane,16,38.26077586206897,31.25,12.5,20
2,10,HEA,FakeBrisbane,16,57.13793103448276,12.5,0,151
0,10,penalty,FakeBrisbane,64,58.45192307692308,17.1875,3.125,128
0,10,cyclic,FakeBrisbane,64,43.43990384615385,14.0625,4.6875,151
0,1,commute,FakeBrisbane,64,19.042067307692307,60.9375,50.0,20
0,10,HEA,FakeBrisbane,64,54.57211538461539,10.9375,3.125,151
0,10,penalty,FakeBrisbane,64,49.659375,14.0625,3.125,115
0,10,cyclic,FakeBrisbane,64,49.07604166666667,9.375,1.5625,135
0,1,commute,FakeBrisbane,64,23.460416666666667,51.5625,12.5,26
0,10,HEA,FakeBrisbane,64,53.10520833333333,20.3125,1.5625,151
0,10,penalty,FakeBrisbane,64,59.684375,9.375,1.5625,128
0,10,cyclic,FakeBrisbane,64,66.821875,14.0625,3.125,124
0,1,commute,FakeBrisbane,64,27.615625,62.5,54.6875,17
0,10,HEA,FakeBrisbane,64,74.246875,9.375,1.5625,151
1,10,penalty,FakeBrisbane,64,990.90625,1.5625,0,113
1,10,cyclic,FakeBrisbane,64,909.71875,3.125,3.125,138
1,1,commute,FakeBrisbane,64,993.9609375,7.8125,7.8125,25
1,10,HEA,FakeBrisbane,64,944.0078125,1.5625,1.5625,151
1,10,penalty,FakeBrisbane,64,1000.25,0,0,116
1,10,cyclic,FakeBrisbane,64,1031.5234375,0,0,108
1,1,commute,FakeBrisbane,64,959.578125,3.125,3.125,25
1,10,HEA,FakeBrisbane,64,1009.625,0,0,151
1,10,penalty,FakeBrisbane,64,1115.9375,0,0,124
1,10,cyclic,FakeBrisbane,64,1144.0234375,1.5625,0,117
1,1,commute,FakeBrisbane,64,919.03125,1.5625,0,21
1,10,HEA,FakeBrisbane,64,1025.28125,1.5625,1.5625,151
2,10,penalty,FakeBrisbane,64,71.06041666666667,4.6875,0,146
2,10,cyclic,FakeBrisbane,64,71.82135416666667,1.5625,0,124
2,1,commute,FakeBrisbane,64,56.14375,9.375,0,20
2,10,HEA,FakeBrisbane,64,71.68125,1.5625,0,151
2,10,penalty,FakeBrisbane,64,61.20241477272727,6.25,1.5625,136
2,10,cyclic,FakeBrisbane,64,57.28338068181818,6.25,1.5625,138
2,1,commute,FakeBrisbane,64,48.14985795454545,14.0625,7.8125,23
2,10,HEA,FakeBrisbane,64,65.3252840909091,4.6875,1.5625,151
2,10,penalty,FakeBrisbane,64,68.14331896551724,1.5625,0,133
2,10,cyclic,FakeBrisbane,64,68.14493534482759,1.5625,1.5625,138
2,1,commute,FakeBrisbane,64,50.869612068965516,20.3125,10.9375,21
2,10,HEA,FakeBrisbane,64,73.22306034482759,0,0,151
0,10,penalty,FakeBrisbane,256,54.27433894230769,13.671875,0.78125,133
0,10,cyclic,FakeBrisbane,256,63.40925480769231,9.765625,4.296875,132
0,1,commute,FakeBrisbane,256,17.92217548076923,66.015625,48.046875,23
0,10,HEA,FakeBrisbane,256,69.34915865384616,8.59375,2.34375,151
0,10,penalty,FakeBrisbane,256,57.05911458333333,9.375,3.125,119
0,10,cyclic,FakeBrisbane,256,51.55130208333333,18.359375,6.25,151
0,1,commute,FakeBrisbane,256,20.977083333333333,60.15625,13.671875,33
0,10,HEA,FakeBrisbane,256,57.4296875,5.859375,2.734375,151
0,10,penalty,FakeBrisbane,256,82.73046875,8.984375,3.515625,151
0,10,cyclic,FakeBrisbane,256,68.30546875,12.890625,7.03125,145
0,1,commute,FakeBrisbane,256,31.14296875,54.296875,43.359375,24
0,10,HEA,FakeBrisbane,256,92.22421875,9.765625,1.171875,151
1,10,penalty,FakeBrisbane,256,1061.244140625,0.78125,0.78125,151
1,10,cyclic,FakeBrisbane,256,1075.296875,0.390625,0.390625,135
1,1,commute,FakeBrisbane,256,887.712890625,3.515625,2.34375,24
1,10,HEA,FakeBrisbane,256,1122.947265625,0,0,151
1,10,penalty,FakeBrisbane,256,1133.904296875,1.5625,1.5625,135
1,10,cyclic,FakeBrisbane,256,1120.626953125,0.78125,0.390625,125
1,1,commute,FakeBrisbane,256,868.146484375,3.125,2.734375,28
1,10,HEA,FakeBrisbane,256,1131.54296875,0.390625,0.390625,151
1,10,penalty,FakeBrisbane,256,1080.744140625,0.390625,0.390625,123
1,10,cyclic,FakeBrisbane,256,1036.234375,1.171875,1.171875,151
1,1,commute,FakeBrisbane,256,907.28125,4.296875,2.34375,27
1,10,HEA,FakeBrisbane,256,1157.353515625,1.171875,0.78125,151
2,10,penalty,FakeBrisbane,256,75.57877604166667,1.5625,0,136
2,10,cyclic,FakeBrisbane,256,71.36744791666666,2.734375,1.5625,144
2,1,commute,FakeBrisbane,256,46.255859375,18.75,9.765625,24
2,10,HEA,FakeBrisbane,256,74.20377604166667,1.5625,0.78125,151
2,10,penalty,FakeBrisbane,256,68.44549005681819,1.953125,1.171875,137
2,10,cyclic,FakeBrisbane,256,65.38742897727273,3.125,1.171875,138
2,1,commute,FakeBrisbane,256,55.56516335227273,13.671875,8.203125,26
2,10,HEA,FakeBrisbane,256,66.1063565340909,3.90625,1.5625,151
2,10,penalty,FakeBrisbane,256,73.14372306034483,1.5625,0.78125,139
2,10,cyclic,FakeBrisbane,256,77.19989224137932,3.125,1.5625,147
2,1,commute,FakeBrisbane,256,60.06600215517241,11.71875,7.421875,27
2,10,HEA,FakeBrisbane,256,74.85008081896552,2.34375,0.390625,151
0,10,penalty,FakeBrisbane,1024,69.74060997596153,7.51953125,2.34375,146
0,10,cyclic,FakeBrisbane,1024,57.48970853365385,13.671875,1.85546875,141
0,1,commute,FakeBrisbane,1024,22.59217247596154,59.66796875,47.4609375,25
0,10,HEA,FakeBrisbane,1024,68.70372596153847,8.49609375,1.3671875,151
0,10,penalty,FakeBrisbane,1024,58.145572916666666,9.47265625,2.9296875,150
0,10,cyclic,FakeBrisbane,1024,54.072591145833336,9.66796875,1.66015625,151
0,1,commute,FakeBrisbane,1024,18.302278645833333,61.23046875,13.0859375,28
0,10,HEA,FakeBrisbane,1024,60.325390625,8.49609375,2.05078125,151
0,10,penalty,FakeBrisbane,1024,84.0869140625,10.7421875,1.85546875,151
0,10,cyclic,FakeBrisbane,1024,67.9357421875,14.35546875,3.02734375,151
0,1,commute,FakeBrisbane,1024,32.1576171875,57.32421875,45.41015625,27
0,10,HEA,FakeBrisbane,1024,85.5259765625,9.47265625,1.3671875,151
1,10,penalty,FakeBrisbane,1024,1205.220703125,0.390625,0.1953125,151
1,10,cyclic,FakeBrisbane,1024,1167.29345703125,0.68359375,0.390625,134
1,1,commute,FakeBrisbane,1024,970.36767578125,2.9296875,2.24609375,27
1,10,HEA,FakeBrisbane,1024,1178.03466796875,0.09765625,0.09765625,151
1,10,penalty,FakeBrisbane,1024,1053.02490234375,0.78125,0.68359375,151
1,10,cyclic,FakeBrisbane,1024,1130.775390625,0.78125,0.5859375,145
1,1,commute,FakeBrisbane,1024,1052.640625,2.34375,1.26953125,28
1,10,HEA,FakeBrisbane,1024,1155.0009765625,0.29296875,0.09765625,151
1,10,penalty,FakeBrisbane,1024,1119.6318359375,0.29296875,0.09765625,145
1,10,cyclic,FakeBrisbane,1024,1103.62255859375,0.9765625,0.87890625,151
1,1,commute,FakeBrisbane,1024,952.83203125,3.22265625,1.85546875,26
1,10,HEA,FakeBrisbane,1024,1191.33154296875,0.390625,0.1953125,151
2,10,penalty,FakeBrisbane,1024,74.81650390625,1.5625,0.29296875,151
2,10,cyclic,FakeBrisbane,1024,78.09264322916667,2.1484375,1.07421875,139
2,1,commute,FakeBrisbane,1024,45.678385416666664,14.35546875,7.421875,33
2,10,HEA,FakeBrisbane,1024,77.19576822916666,1.85546875,0.1953125,151
2,10,penalty,FakeBrisbane,1024,68.64905894886364,2.5390625,0.87890625,125
2,10,cyclic,FakeBrisbane,1024,68.98473011363636,1.953125,0.78125,122
2,1,commute,FakeBrisbane,1024,52.95814098011363,15.8203125,10.7421875,27
2,10,HEA,FakeBrisbane,1024,69.1527432528409,2.83203125,0.5859375,151
2,10,penalty,FakeBrisbane,1024,77.43332435344827,2.1484375,0.68359375,136
2,10,cyclic,FakeBrisbane,1024,79.41540948275862,2.44140625,0.5859375,136
2,1,commute,FakeBrisbane,1024,60.59856546336207,11.1328125,7.421875,25
2,10,HEA,FakeBrisbane,1024,79.83193022629311,1.66015625,0.390625,151
0,10,penalty,FakeBrisbane,4096,58.93962214543269,12.158203125,3.1005859375,151
0,10,cyclic,FakeBrisbane,4096,57.39156400240385,13.7451171875,1.513671875,148
0,1,commute,FakeBrisbane,4096,25.357083834134617,58.2763671875,46.923828125,35
0,10,HEA,FakeBrisbane,4096,67.93117112379808,9.6435546875,2.34375,151
0,10,penalty,FakeBrisbane,4096,53.775569661458334,8.0322265625,1.025390625,123
0,10,cyclic,FakeBrisbane,4096,57.105550130208336,10.986328125,1.025390625,128
0,1,commute,FakeBrisbane,4096,20.333463541666667,58.1298828125,11.865234375,26
0,10,HEA,FakeBrisbane,4096,59.665478515625,8.10546875,2.5390625,151
0,10,penalty,FakeBrisbane,4096,65.32705078125,15.0146484375,0.7080078125,140
0,10,cyclic,FakeBrisbane,4096,69.17021484375,19.091796875,6.8603515625,136
0,1,commute,FakeBrisbane,4096,31.975244140625,58.349609375,47.802734375,30
0,10,HEA,FakeBrisbane,4096,89.40693359375,9.228515625,2.24609375,151
1,10,penalty,FakeBrisbane,4096,1076.6177978515625,0.634765625,0.4150390625,151
1,10,cyclic,FakeBrisbane,4096,1115.2508544921875,0.634765625,0.4150390625,151
1,1,commute,FakeBrisbane,4096,947.6112060546875,3.7109375,2.6611328125,32
1,10,HEA,FakeBrisbane,4096,1181.81005859375,0.48828125,0.3173828125,151
1,10,penalty,FakeBrisbane,4096,1061.19482421875,0.537109375,0.3173828125,151
1,10,cyclic,FakeBrisbane,4096,1105.3902587890625,0.4638671875,0.29296875,151
1,1,commute,FakeBrisbane,4096,1005.4398193359375,1.8310546875,1.416015625,24
1,10,HEA,FakeBrisbane,4096,1188.0616455078125,0.3662109375,0.2197265625,151
1,10,penalty,FakeBrisbane,4096,1131.7447509765625,0.341796875,0.1708984375,140
1,10,cyclic,FakeBrisbane,4096,1131.9427490234375,0.537109375,0.341796875,151
1,1,commute,FakeBrisbane,4096,860.783203125,3.4912109375,2.3193359375,27
1,10,HEA,FakeBrisbane,4096,1183.9029541015625,0.4150390625,0.341796875,151
2,10,penalty,FakeBrisbane,4096,78.60816243489583,1.7578125,0.439453125,141
2,10,cyclic,FakeBrisbane,4096,73.35582682291667,2.05078125,0.634765625,151
2,1,commute,FakeBrisbane,4096,46.27793782552083,17.578125,8.251953125,31
2,10,HEA,FakeBrisbane,4096,77.1391357421875,2.734375,0.4638671875,151
2,10,penalty,FakeBrisbane,4096,72.47312233664773,2.0751953125,0.7080078125,134
2,10,cyclic,FakeBrisbane,4096,71.76179643110795,2.8564453125,1.0009765625,137
2,1,commute,FakeBrisbane,4096,56.00824529474432,15.4541015625,9.619140625,29
2,10,HEA,FakeBrisbane,4096,69.83087713068181,2.685546875,0.78125,151
2,10,penalty,FakeBrisbane,4096,81.28642746497844,1.5869140625,0.390625,137
2,10,cyclic,FakeBrisbane,4096,74.12150626346983,2.099609375,0.4150390625,151
2,1,commute,FakeBrisbane,4096,60.89959927262931,12.20703125,8.6181640625,27
2,10,HEA,FakeBrisbane,4096,81.41545999461206,1.806640625,0.2685546875,151
