pkid,pbid,layers,variables,constraints,method,ARG,in_constraints_probs,best_solution_probs
0,0,1,6,3,penalty,56.16885625000001,5.359999999999999,1.25
0,1,1,6,3,penalty,34.3217625,15.030000000000001,1.9300000000000002
0,2,1,6,3,penalty,48.7532142857143,8.66,3.25
0,3,1,6,3,penalty,41.007171428571425,4.43,0.72
0,4,1,6,3,penalty,140.47486,6.1899999999999995,2.92
0,5,1,6,3,penalty,39.903199999999984,5.56,2.7199999999999998
0,6,1,6,3,penalty,27.281983333333343,20.21,1.66
0,7,1,6,3,penalty,40.000986956521736,2.31,0.67
0,8,1,6,3,penalty,86.25277499999997,7.3999999999999995,0.09
0,9,1,6,3,penalty,51.82521176470588,3.37,0.24
0,0,2,6,3,penalty,42.65775625000001,7.99,0.8099999999999999
0,1,2,6,3,penalty,33.5839375,12.54,1.02
0,2,2,6,3,penalty,43.90581428571428,11.01,0.21
0,3,2,6,3,penalty,31.17579523809523,20.76,0.33
0,4,2,6,3,penalty,139.99324000000001,4.68,1.2
0,5,2,6,3,penalty,35.893968421052634,7.9,1.77
0,6,2,6,3,penalty,27.21443888888889,24.22,2.07
0,7,2,6,3,penalty,22.896860869565216,9.32,0.08
0,8,2,6,3,penalty,46.49376249999999,43.99,42.620000000000005
0,9,2,6,3,penalty,32.945994117647054,13.62,1.5
0,0,3,6,3,penalty,33.4572,21.43,10.979999999999999
0,1,3,6,3,penalty,7.656224999999997,77.67999999999999,77.25
0,2,3,6,3,penalty,35.0271,12.38,5.59
0,3,3,6,3,penalty,12.753742857142846,53.94000000000001,1.1900000000000002
0,4,3,6,3,penalty,106.37570000000001,12.45,0.83
0,5,3,6,3,penalty,32.77296315789474,20.400000000000002,13.58
0,6,3,6,3,penalty,30.276516666666662,19.06,2.33
0,7,3,6,3,penalty,28.776291304347826,15.659999999999998,2.9499999999999997
0,8,3,6,3,penalty,80.72461249999999,22.049999999999997,2.44
0,9,3,6,3,penalty,35.33802941176471,21.34,0.7799999999999999
0,0,4,6,3,penalty,35.22414375,20.59,8.690000000000001
0,1,4,6,3,penalty,38.715249999999976,15.079999999999998,1.6400000000000001
0,2,4,6,3,penalty,40.67291428571427,10.36,0.22999999999999998
0,3,4,6,3,penalty,22.55935714285716,27.55,0.16999999999999998
0,4,4,6,3,penalty,96.40204,20.89,2.09
0,5,4,6,3,penalty,30.966547368421036,8.73,0.02
0,6,4,6,3,penalty,22.741888888888894,25.09,1.82
0,7,4,6,3,penalty,14.99279130434783,45.71999999999999,0.16999999999999998
0,8,4,6,3,penalty,37.109637500000005,52.489999999999995,47.8
0,9,4,6,3,penalty,37.543523529411765,12.810000000000002,6.239999999999999
0,0,5,6,3,penalty,42.9423375,6.4799999999999995,2.56
0,1,5,6,3,penalty,44.964625,14.92,8.309999999999999
0,2,5,6,3,penalty,46.903,9.32,0.67
0,3,5,6,3,penalty,14.495819047619038,47.79,4.65
0,4,5,6,3,penalty,110.93032000000002,17.3,1.1199999999999999
0,5,5,6,3,penalty,34.39134210526316,14.77,4.71
0,6,5,6,3,penalty,31.484427777777764,13.36,5.24
0,7,5,6,3,penalty,24.856347826086953,20.43,1.97
0,8,5,6,3,penalty,80.66785000000003,10.239999999999998,3.15
0,9,5,6,3,penalty,21.752041176470595,32.57,29.89
0,0,1,6,3,cyclic,40.84690000000001,13.05,3.74
0,1,1,6,3,cyclic,38.32895,5.0200000000000005,0.32
0,2,1,6,3,cyclic,43.45482857142857,0.16,0.1
0,3,1,6,3,cyclic,26.425857142857136,33.540000000000006,11.93
0,4,1,6,3,cyclic,129.28924,6.0,0.02
0,5,1,6,3,cyclic,32.51945263157895,15.540000000000001,6.58
0,6,1,6,3,cyclic,31.617244444444445,19.499999999999996,0.84
0,7,1,6,3,cyclic,19.964947826086956,33.5,0.01
0,8,1,6,3,cyclic,74.3031875,22.920000000000005,11.31
0,9,1,6,3,cyclic,24.668623529411764,25.77,0.01
0,0,2,6,3,cyclic,17.451875,49.48,0.01
0,1,2,6,3,cyclic,13.088025000000005,57.309999999999995,0
0,2,2,6,3,cyclic,16.93422857142857,53.75,0.01
0,3,2,6,3,cyclic,14.659047619047612,42.3,6.01
0,4,2,6,3,cyclic,27.10244000000001,70.03,59.43000000000001
0,5,2,6,3,cyclic,14.290284210526313,57.720000000000006,56.410000000000004
0,6,2,6,3,cyclic,16.47316666666667,41.47,0.04
0,7,2,6,3,cyclic,16.769365217391307,31.86,0.09
0,8,2,6,3,cyclic,48.01548749999999,33.11999999999999,5.3100000000000005
0,9,2,6,3,cyclic,25.374341176470594,3.91,0.6
0,0,3,6,3,cyclic,16.973831250000014,47.2,0.02
0,1,3,6,3,cyclic,20.045925,27.890000000000004,0.01
0,2,3,6,3,cyclic,6.708828571428572,80.47999999999999,0
0,3,3,6,3,cyclic,2.5327047619047622,89.08,88.86
0,4,3,6,3,cyclic,63.17964000000003,34.269999999999996,1.0699999999999998
0,5,3,6,3,cyclic,13.580810526315794,61.96,54.11
0,6,3,6,3,cyclic,11.605283333333333,65.11,37.53
0,7,3,6,3,cyclic,18.821660869565225,19.3,5.99
0,8,3,6,3,cyclic,53.77515000000002,10.6,0.41000000000000003
0,9,3,6,3,cyclic,27.329623529411762,25.8,0.7100000000000001
0,0,4,6,3,cyclic,27.553412499999993,7.21,2.94
0,1,4,6,3,cyclic,14.6872875,50.86999999999999,0.03
0,2,4,6,3,cyclic,23.15048571428573,30.519999999999996,0.05
0,3,4,6,3,cyclic,18.190561904761903,37.75,0.58
0,4,4,6,3,cyclic,57.325879999999984,35.690000000000005,3.16
0,5,4,6,3,cyclic,12.920799999999998,58.64999999999999,0.44
0,6,4,6,3,cyclic,28.347683333333336,25.52,24.44
0,7,4,6,3,cyclic,11.898891304347828,49.2,19.38
0,8,4,6,3,cyclic,31.29171249999999,51.19999999999999,0.02
0,9,4,6,3,cyclic,19.464494117647053,36.95,0.06
0,0,5,6,3,cyclic,14.56225,48.739999999999995,10.65
0,1,5,6,3,cyclic,5.688612500000001,87.61,0.06999999999999999
0,2,5,6,3,cyclic,24.343971428571432,26.72,5.680000000000001
0,3,5,6,3,cyclic,19.781685714285715,13.59,1.97
0,4,5,6,3,cyclic,18.62268,79.32,44.2
0,5,5,6,3,cyclic,21.43875263157894,28.13,2.9899999999999998
0,6,5,6,3,cyclic,8.103455555555554,69.42999999999999,2.1999999999999997
0,7,5,6,3,cyclic,12.533891304347831,50.19,1.06
0,8,5,6,3,cyclic,51.759525000000004,18.92,13.950000000000001
0,9,5,6,3,cyclic,16.58450588235294,46.769999999999996,22.38
0,0,1,6,3,commute,0.43861874999999984,100.0,0.09
0,1,1,6,3,commute,0.0,100.0,100.0
0,2,1,6,3,commute,0.0,100.0,100.0
0,3,1,6,3,commute,0.19047619047619047,100.0,0
0,4,1,6,3,commute,0.8004000000000001,100.0,0.04
0,5,1,6,3,commute,0.0,100.0,100.0
0,6,1,6,3,commute,0.0,100.0,100.0
0,7,1,6,3,commute,0.21739130434782608,100.0,0
0,8,1,6,3,commute,0.0,100.0,100.0
0,9,1,6,3,commute,0.0,100.0,100.0
0,0,2,6,3,commute,0.00011249999999995985,100.0,99.99
0,1,2,6,3,commute,0.0,100.0,100.0
0,2,2,6,3,commute,0.0011142857142857818,100.0,99.89
0,3,2,6,3,commute,0.0003333333333332332,100.0,99.95
0,4,2,6,3,commute,0.00016000000000016001,100.0,99.98
0,5,2,6,3,commute,0.09150526315789483,100.0,87.57000000000001
0,6,2,6,3,commute,0.05563888888888889,100.0,0
0,7,2,6,3,commute,0.0,100.0,100.0
0,8,2,6,3,commute,0.0,100.0,100.0
0,9,2,6,3,commute,0.23535294117647046,100.0,0.01
0,0,3,6,3,commute,0.0057312499999999655,100.0,98.82
0,1,3,6,3,commute,0.10994999999999999,100.0,89.71000000000001
0,2,3,6,3,commute,0.22134285714285692,100.0,75.85
0,3,3,6,3,commute,0.0003428571428571897,100.0,99.85000000000001
0,4,3,6,3,commute,0.0,100.0,100.0
0,5,3,6,3,commute,0.1313842105263157,100.0,83.35000000000001
0,6,3,6,3,commute,0.04902222222222225,100.0,13.76
0,7,3,6,3,commute,0.0003913043478261018,100.0,99.88
0,8,3,6,3,commute,0.4777874999999998,99.99999999999999,83.38
0,9,3,6,3,commute,0.17782352941176469,100.0,68.93
0,0,4,6,3,commute,0.02705000000000002,100.0,94.51
0,1,4,6,3,commute,0.03654999999999986,99.99999999999999,96.00999999999999
0,2,4,6,3,commute,0.06671428571428566,100.0,92.74
0,3,4,6,3,commute,0.0029714285714285823,100.0,98.61999999999999
0,4,4,6,3,commute,0.038839999999999895,100.0,96.89
0,5,4,6,3,commute,0.0005736842105261007,100.0,99.92999999999999
0,6,4,6,3,commute,0.01689999999999989,100.0,78.13
0,7,4,6,3,commute,0.05712608695652175,100.0,74.14
0,8,4,6,3,commute,0.5465875,100.0,81.89999999999999
0,9,4,6,3,commute,0.013588235294117745,100.0,96.8
0,0,5,6,3,commute,0.002562500000000023,100.0,99.48
0,1,5,6,3,commute,0.030462499999999837,99.99999999999999,97.11999999999999
0,2,5,6,3,commute,0.0008000000000000387,99.99999999999999,99.91
0,3,5,6,3,commute,0.08306666666666677,100.0,67.86
0,4,5,6,3,commute,0.008440000000000048,100.0,99.3
0,5,5,6,3,commute,0.0019052631578947842,100.0,99.78
0,6,5,6,3,commute,0.05413333333333329,99.99999999999999,12.509999999999998
0,7,5,6,3,commute,0.0035826086956521654,100.0,98.98
0,8,5,6,3,commute,0.19361249999999997,100.00000000000003,92.80000000000001
0,9,5,6,3,commute,0.1153529411764705,100.0,57.78
0,0,1,6,3,HEA,0.0025562500000000377,99.99,99.99
0,1,1,6,3,HEA,0.8774375000000001,99.99,0
0,2,1,6,3,HEA,0.86,99.99,0
0,3,1,6,3,HEA,0.0,100.0,100.0
0,4,1,6,3,HEA,0.008079999999999999,99.99,99.99
0,5,1,6,3,HEA,0.6336368421052633,99.99,0
0,6,1,6,3,HEA,0.057733333333333386,99.99,0
0,7,1,6,3,HEA,0.009052173913043544,99.95,99.95
0,8,1,6,3,HEA,2.8799,99.99,0
0,9,1,6,3,HEA,0.23768235294117654,99.99,0
0,0,2,6,3,HEA,19.25159375,43.78,26.47
0,1,2,6,3,HEA,15.983074999999992,46.1,24.57
0,2,2,6,3,HEA,16.829742857142843,47.24,18.529999999999998
0,3,2,6,3,HEA,13.231200000000001,45.09,22.54
0,4,2,6,3,HEA,60.50797999999999,42.7,21.9
0,5,2,6,3,HEA,15.121863157894735,44.11,18.18
0,6,2,6,3,HEA,15.384999999999998,39.26,23.69
0,7,2,6,3,HEA,11.212191304347826,40.129999999999995,0.06
0,8,2,6,3,HEA,39.6326375,39.48,31.119999999999997
0,9,2,6,3,HEA,14.793441176470594,47.54,40.86
0,0,3,6,3,HEA,37.85424375000001,8.78,0.77
0,1,3,6,3,HEA,41.72218750000001,14.759999999999998,0.21
0,2,3,6,3,HEA,45.61451428571432,13.87,1.28
0,3,3,6,3,HEA,21.552738095238098,36.39000000000001,0.24
0,4,3,6,3,HEA,76.60179999999998,38.839999999999996,0.66
0,5,3,6,3,HEA,31.26093157894736,2.2699999999999996,0.19
0,6,3,6,3,HEA,23.492488888888882,34.800000000000004,26.31
0,7,3,6,3,HEA,23.00658695652174,23.39,0.41000000000000003
0,8,3,6,3,HEA,63.34195000000001,34.44,21.22
0,9,3,6,3,HEA,34.673500000000004,13.98,2.04
0,0,4,6,3,HEA,44.03024375,13.55,1.16
0,1,4,6,3,HEA,43.45658750000002,14.77,5.46
0,2,4,6,3,HEA,41.09409999999998,31.689999999999998,13.930000000000001
0,3,4,6,3,HEA,28.674700000000012,19.19,8.55
0,4,4,6,3,HEA,130.93543999999994,14.09,2.9899999999999998
0,5,4,6,3,HEA,27.921321052631566,30.830000000000002,15.06
0,6,4,6,3,HEA,36.2019,14.56,4.29
0,7,4,6,3,HEA,26.026191304347837,21.42,11.87
0,8,4,6,3,HEA,68.82258749999998,29.04,11.86
0,9,4,6,3,HEA,32.923576470588245,30.8,11.82
0,0,5,6,3,HEA,38.11938749999998,18.099999999999998,3.6799999999999997
0,1,5,6,3,HEA,38.68320000000001,22.470000000000002,1.0
0,2,5,6,3,HEA,41.42548571428572,26.589999999999996,1.38
0,3,5,6,3,HEA,28.85769047619048,22.64,8.91
0,4,5,6,3,HEA,118.38220000000004,25.610000000000007,9.01
0,5,5,6,3,HEA,35.054652631578946,5.02,2.04
0,6,5,6,3,HEA,31.94806666666668,26.640000000000004,1.41
0,7,5,6,3,HEA,28.909217391304345,5.0,0.41000000000000003
0,8,5,6,3,HEA,79.04906249999998,13.33,2.87
0,9,5,6,3,HEA,34.06214705882354,19.83,0.59
1,0,1,15,8,penalty,125.32227083333346,0.02,0
1,1,1,15,8,penalty,137.2582611111112,0.10000000000000002,0
1,2,1,15,8,penalty,153.49106842105314,0,0
1,3,1,15,8,penalty,56.89470857142856,0.6500000000000001,0.02
1,4,1,15,8,penalty,95.26572142857165,0.2899999999999999,0
1,5,1,15,8,penalty,105.84459285714244,0.07,0.03
1,6,1,15,8,penalty,209.46296,0.01,0
1,7,1,15,8,penalty,131.9095176470583,0.41000000000000003,0
1,8,1,15,8,penalty,104.93840384615336,0.04,0
1,9,1,15,8,penalty,210.30443571428603,0,0
1,0,2,15,8,penalty,84.45365833333341,0.19999999999999996,0.07999999999999999
1,1,2,15,8,penalty,90.96304999999971,1.2599999999999996,0.3
1,2,2,15,8,penalty,84.90513684210508,0.7200000000000001,0.35000000000000003
1,3,2,15,8,penalty,62.67758857142853,0.4,0
1,4,2,15,8,penalty,76.1166750000002,0.35999999999999993,0.21
1,5,2,15,8,penalty,68.08872857142862,0.4199999999999999,0.13
1,6,2,15,8,penalty,134.22605333333306,0.16000000000000003,0
1,7,2,15,8,penalty,123.89309999999935,0.27,0.04
1,8,2,15,8,penalty,95.80019615384715,0.030000000000000002,0.02
1,9,2,15,8,penalty,153.95525714285696,0.24,0.06999999999999999
1,0,3,15,8,penalty,89.78080833333304,0.02,0
1,1,3,15,8,penalty,107.31919444444435,0.72,0.18
1,2,3,15,8,penalty,148.71725789473692,0.1,0.02
1,3,3,15,8,penalty,54.02782285714311,1.3099999999999996,0.38999999999999996
1,4,3,15,8,penalty,57.01145714285708,0.38999999999999996,0.13999999999999999
1,5,3,15,8,penalty,51.750789285714326,2.44,0
1,6,3,15,8,penalty,115.5954533333336,0.67,0
1,7,3,15,8,penalty,108.18065294117595,0.65,0
1,8,3,15,8,penalty,95.28308461538485,0.07,0
1,9,3,15,8,penalty,210.5952428571424,0.05,0
1,0,4,15,8,penalty,75.30141666666658,0.56,0.030000000000000002
1,1,4,15,8,penalty,122.73561666666632,0.33999999999999997,0
1,2,4,15,8,penalty,74.32656315789465,0.05,0.04
1,3,4,15,8,penalty,73.33700000000024,0.18000000000000005,0
1,4,4,15,8,penalty,94.94217857142856,0.11,0.03
1,5,4,15,8,penalty,88.02317500000004,0.41000000000000003,0
1,6,4,15,8,penalty,98.13267333333322,0.84,0.06
1,7,4,15,8,penalty,109.41633529411779,0.72,0.12
1,8,4,15,8,penalty,58.12948461538456,2.6799999999999997,0
1,9,4,15,8,penalty,142.87055000000012,0.22999999999999998,0.12
1,0,5,15,8,penalty,90.9431958333332,0.3699999999999999,0.03
1,1,5,15,8,penalty,137.03240555555607,0.16000000000000003,0.02
1,2,5,15,8,penalty,103.78108421052647,0.31,0
1,3,5,15,8,penalty,54.0487114285716,0.34,0
1,4,5,15,8,penalty,64.72067857142851,0.21,0.06999999999999999
1,5,5,15,8,penalty,59.45403928571427,0.3999999999999999,0.06
1,6,5,15,8,penalty,109.06107333333324,0.9499999999999998,0.04
1,7,5,15,8,penalty,113.3288352941172,0.9099999999999999,0
1,8,5,15,8,penalty,80.13594615384606,0.44999999999999996,0.21
1,9,5,15,8,penalty,129.65794285714324,0.8500000000000001,0.15999999999999998
1,0,1,15,8,cyclic,68.06107916666664,0.6800000000000002,0.03
1,1,1,15,8,cyclic,98.546411111111,5.38,1.53
1,2,1,15,8,cyclic,93.31169473684211,6.760000000000001,0
1,3,1,15,8,cyclic,48.24418857142855,7.170000000000003,0
1,4,1,15,8,cyclic,60.69217857142853,7.330000000000002,0
1,5,1,15,8,cyclic,61.697142857142865,12.559999999999999,0
1,6,1,15,8,cyclic,89.3916133333333,1.699999999999999,0.01
1,7,1,15,8,cyclic,103.04054705882338,5.800000000000001,0
1,8,1,15,8,cyclic,69.70732692307699,0.44,0
1,9,1,15,8,cyclic,101.8933285714285,0.8499999999999999,0
1,0,2,15,8,cyclic,40.28496666666656,13.869999999999994,2.44
1,1,2,15,8,cyclic,56.402783333333396,10.02,2.17
1,2,2,15,8,cyclic,69.51872631578942,4.770000000000001,0
1,3,2,15,8,cyclic,33.17467142857144,4.65,0
1,4,2,15,8,cyclic,48.2335464285714,1.52,0.12
1,5,2,15,8,cyclic,35.237442857142845,5.49,0
1,6,2,15,8,cyclic,91.06070666666659,0.54,0.08
1,7,2,15,8,cyclic,60.74492941176477,6.619999999999999,0
1,8,2,15,8,cyclic,44.916273076923055,2.36,0
1,9,2,15,8,cyclic,91.45647142857123,0.7799999999999999,0.2
1,0,3,15,8,cyclic,54.18829166666671,3.180000000000001,0.65
1,1,3,15,8,cyclic,84.99531666666657,2.9,0.69
1,2,3,15,8,cyclic,75.4326157894735,2.78,0
1,3,3,15,8,cyclic,34.70850571428583,2.6899999999999995,0
1,4,3,15,8,cyclic,38.15189642857136,0.57,0
1,5,3,15,8,cyclic,44.63397500000002,1.6900000000000002,0
1,6,3,15,8,cyclic,86.7194066666666,4.150000000000001,1.3299999999999998
1,7,3,15,8,cyclic,45.67117647058825,16.400000000000002,0
1,8,3,15,8,cyclic,53.21469230769234,1.71,0
1,9,3,15,8,cyclic,95.48480714285691,2.9700000000000006,0.03
1,0,4,15,8,cyclic,44.94938749999989,1.7499999999999998,0.24
1,1,4,15,8,cyclic,70.20688888888907,1.4099999999999997,0
1,2,4,15,8,cyclic,68.73645789473684,4.270000000000001,0.02
1,3,4,15,8,cyclic,36.13985714285722,2.31,0.49
1,4,4,15,8,cyclic,41.8831357142857,5.6899999999999995,0.44
1,5,4,15,8,cyclic,51.8111678571428,1.7699999999999998,0
1,6,4,15,8,cyclic,95.71938666666674,1.9,0.02
1,7,4,15,8,cyclic,63.63864705882347,4.610000000000001,0.04
1,8,4,15,8,cyclic,58.42308846153864,0.9499999999999998,0
1,9,4,15,8,cyclic,69.41105714285722,7.120000000000003,0.2
1,0,5,15,8,cyclic,37.501595833333305,15.959999999999997,2.92
1,1,5,15,8,cyclic,64.86161666666652,4.200000000000001,0.02
1,2,5,15,8,cyclic,67.6358421052632,2.32,0.1
1,3,5,15,8,cyclic,37.539631428571525,3.8599999999999994,0.02
1,4,5,15,8,cyclic,39.4402,2.8800000000000003,0.29
1,5,5,15,8,cyclic,33.84562142857141,11.300000000000004,0.54
1,6,5,15,8,cyclic,77.2710000000001,7.980000000000001,0
1,7,5,15,8,cyclic,64.84917647058818,9.340000000000002,0.05
1,8,5,15,8,cyclic,50.753634615384435,3.1900000000000013,0.01
1,9,5,15,8,cyclic,71.017164285714,10.260000000000002,0.05
1,0,1,15,8,commute,0.0,100.0,100.0
1,1,1,15,8,commute,0.0,100.0,100.0
1,2,1,15,8,commute,0.7897421052631582,100.0,0.01
1,3,1,15,8,commute,0.24909714285714293,99.99999999999999,23.78
1,4,1,15,8,commute,0.26404285714285713,100.0,8.94
1,5,1,15,8,commute,0.10714285714285714,100.0,0
1,6,1,15,8,commute,0.0,100.0,100.0
1,7,1,15,8,commute,0.8628235294117649,100.0,13.489999999999998
1,8,1,15,8,commute,0.6908076923076922,100.0,14.34
1,9,1,15,8,commute,0.0,100.0,100.0
1,0,2,15,8,commute,8.333333333328714e-05,100.0,99.98
1,1,2,15,8,commute,0.0,100.0,100.0
1,2,2,15,8,commute,0.7003,100.0,37.56
1,3,2,15,8,commute,0.17308,100.0,42.28
1,4,2,15,8,commute,0.218217857142857,100.0,13.74
1,5,2,15,8,commute,0.16538928571428585,99.99999999999999,34.53
1,6,2,15,8,commute,0.00013333333333337787,100.0,99.99
1,7,2,15,8,commute,0.8199764705882354,99.99999999999999,15.370000000000001
1,8,2,15,8,commute,0.6553730769230768,99.99999999999999,11.88
1,9,2,15,8,commute,0.7861857142857142,100.0,0
1,0,3,15,8,commute,0.0005749999999999922,100.0,99.83
1,1,3,15,8,commute,0.0,100.0,100.0
1,2,3,15,8,commute,0.6114999999999997,99.99999999999999,50.62
1,3,3,15,8,commute,0.15845714285714285,99.99999999999999,51.43
1,4,3,15,8,commute,0.19550714285714246,99.99999999999996,29.020000000000003
1,5,3,15,8,commute,0.10863928571428579,100.0,0.79
1,6,3,15,8,commute,0.0006866666666666059,100.0,99.89
1,7,3,15,8,commute,0.801005882352941,100.00000000000003,28.23
1,8,3,15,8,commute,0.8635038461538458,100.0,12.36
1,9,3,15,8,commute,0.7093285714285713,100.0,0.01
1,0,4,15,8,commute,0.32286249999999983,99.99999999999997,52.26
1,1,4,15,8,commute,0.5469777777777778,99.99999999999997,13.28
1,2,4,15,8,commute,1.0024052631578946,99.99999999999997,16.900000000000002
1,3,4,15,8,commute,0.150377142857143,100.00000000000003,49.47
1,4,4,15,8,commute,0.22062857142857137,99.99999999999999,3.6999999999999997
1,5,4,15,8,commute,0.46467142857142896,99.99999999999999,0
1,6,4,15,8,commute,1.0854,99.99999999999997,5.6899999999999995
1,7,4,15,8,commute,1.0742882352941174,99.99999999999997,24.84
1,8,4,15,8,commute,0.5741615384615388,100.0,17.05
1,9,4,15,8,commute,0.5424428571428574,99.99999999999997,0.29000000000000004
1,0,5,15,8,commute,0.5020083333333334,99.99999999999997,0.04
1,1,5,15,8,commute,0.748205555555556,100.00000000000003,8.24
1,2,5,15,8,commute,0.9488578947368422,100.0,0
1,3,5,15,8,commute,0.08738571428571415,99.99999999999999,74.05000000000001
1,4,5,15,8,commute,0.1514571428571426,100.00000000000003,25.929999999999996
1,5,5,15,8,commute,0.5484107142857145,100.0,6.0600000000000005
1,6,5,15,8,commute,0.8243400000000004,99.99999999999997,10.45
1,7,5,15,8,commute,1.3014764705882351,100.0,17.299999999999997
1,8,5,15,8,commute,0.47840769230769264,100.0,1.08
1,9,5,15,8,commute,0.6850571428571433,100.0,6.39
1,0,1,15,8,HEA,77.8049916666667,0,0
1,1,1,15,8,HEA,91.52424999999995,0,0
1,2,1,15,8,HEA,96.96141052631576,0,0
1,3,1,15,8,HEA,50.199565714285676,0,0
1,4,1,15,8,HEA,62.12007499999999,0,0
1,5,1,15,8,HEA,63.18117142857145,0,0
1,6,1,15,8,HEA,113.53760666666668,0,0
1,7,1,15,8,HEA,110.73880588235292,0,0
1,8,1,15,8,HEA,42.61305000000004,0,0
1,9,1,15,8,HEA,79.58779285714284,0,0
1,0,2,15,8,HEA,115.5612499999999,0.01,0
1,1,2,15,8,HEA,141.86203333333316,0.27999999999999997,0
1,2,2,15,8,HEA,132.37868947368412,0.21,0
1,3,2,15,8,HEA,70.26009142857153,0.17,0
1,4,2,15,8,HEA,87.0892571428573,0.16,0
1,5,2,15,8,HEA,97.23085714285706,0.04,0
1,6,2,15,8,HEA,157.1648733333337,0.32,0
1,7,2,15,8,HEA,125.5558999999999,0.18,0
1,8,2,15,8,HEA,87.87734999999985,0.14,0.1
1,9,2,15,8,HEA,166.9972571428575,0.08,0
1,0,3,15,8,HEA,112.99032916666665,0.41000000000000003,0
1,1,3,15,8,HEA,151.2713388888895,0.4600000000000001,0
1,2,3,15,8,HEA,143.5480157894737,0.25,0
1,3,3,15,8,HEA,77.49404571428585,0.41000000000000003,0
1,4,3,15,8,HEA,97.59233928571437,0.08,0.06
1,5,3,15,8,HEA,97.62427500000017,0.1,0
1,6,3,15,8,HEA,194.45652666666643,0.15000000000000002,0
1,7,3,15,8,HEA,172.8783705882351,0.14,0
1,8,3,15,8,HEA,102.65426538461578,0.24,0.01
1,9,3,15,8,HEA,189.41933571428626,0.14,0.01
1,0,4,15,8,HEA,124.69619999999968,0.15000000000000002,0
1,1,4,15,8,HEA,166.57262222222255,0.15000000000000002,0
1,2,4,15,8,HEA,163.77799999999934,0.03,0
1,3,4,15,8,HEA,86.29842285714275,0.11,0
1,4,4,15,8,HEA,105.76860000000025,0.14,0.06999999999999999
1,5,4,15,8,HEA,105.74351071428607,0.14,0
1,6,4,15,8,HEA,199.59945333333275,0.05,0
1,7,4,15,8,HEA,176.84871176470554,0.05,0
1,8,4,15,8,HEA,117.54974615384619,0.05,0
1,9,4,15,8,HEA,217.69187857142848,0.05,0.01
1,0,5,15,8,HEA,130.4875666666665,0.08000000000000002,0.02
1,1,5,15,8,HEA,174.29290000000046,0.08000000000000002,0.01
1,2,5,15,8,HEA,164.87237368421054,0.13,0
1,3,5,15,8,HEA,88.18742857142831,0.12000000000000001,0.02
1,4,5,15,8,HEA,111.0426000000006,0.08000000000000002,0.03
1,5,5,15,8,HEA,111.01521428571445,0.08000000000000002,0
1,6,5,15,8,HEA,207.99435999999957,0.10000000000000002,0
1,7,5,15,8,HEA,184.25061176470558,0.10000000000000002,0
1,8,5,15,8,HEA,119.93250000000022,0.13,0
1,9,5,15,8,HEA,224.8462357142871,0.060000000000000005,0.01
2,0,1,21,12,penalty,106.28536969696918,0.01,0
2,1,1,21,12,penalty,360.1086769230773,0,0
2,2,1,21,12,penalty,166.9254952380952,0,0
2,3,1,21,12,penalty,99.73009459459453,0.030000000000000002,0
2,4,1,21,12,penalty,155.56592105263175,0.02,0
2,5,1,21,12,penalty,139.40917647058876,0,0
2,6,1,21,12,penalty,139.90586969696957,0.030000000000000002,0
2,7,1,21,12,penalty,150.35878666666687,0,0
2,8,1,21,12,penalty,126.69042499999964,0,0
2,9,1,21,12,penalty,99.77189545454536,0,0
2,0,2,21,12,penalty,93.94695454545499,0.060000000000000005,0
2,1,2,21,12,penalty,256.78884615384663,0.01,0
2,2,2,21,12,penalty,136.16078571428542,0,0
2,3,2,21,12,penalty,73.97727027027031,0,0
2,4,2,21,12,penalty,137.41252105263084,0.09000000000000002,0
2,5,2,21,12,penalty,79.32643529411737,0.030000000000000002,0
2,6,2,21,12,penalty,92.80030606060585,0,0
2,7,2,21,12,penalty,105.8148466666668,0.08000000000000002,0
2,8,2,21,12,penalty,145.08839285714322,0.02,0
2,9,2,21,12,penalty,90.25042954545468,0,0
2,0,3,21,12,penalty,71.24224242424246,0.3299999999999999,0
2,1,3,21,12,penalty,232.42225384615287,0.030000000000000002,0
2,2,3,21,12,penalty,202.6139619047621,0,0
2,3,3,21,12,penalty,86.66351891891932,0.07,0
2,4,3,21,12,penalty,156.60437368420992,0,0
2,5,3,21,12,penalty,135.3201999999994,0,0
2,6,3,21,12,penalty,137.80528787878774,0.02,0
2,7,3,21,12,penalty,107.14166666666678,0,0
2,8,3,21,12,penalty,122.53815000000013,0.039999999999999994,0
2,9,3,21,12,penalty,67.43032500000031,0,0
2,0,4,21,12,penalty,71.15111212121175,0.27999999999999997,0
2,1,4,21,12,penalty,243.10338461538524,0.030000000000000002,0
2,2,4,21,12,penalty,123.8874619047626,0.1,0.01
2,3,4,21,12,penalty,78.20367837837861,0.11000000000000003,0
2,4,4,21,12,penalty,157.55140000000006,0.01,0
2,5,4,21,12,penalty,80.88403529411735,0.11000000000000003,0
2,6,4,21,12,penalty,79.53727272727286,0.01,0
2,7,4,21,12,penalty,111.67827999999967,0.04,0
2,8,4,21,12,penalty,80.30183928571407,0.8699999999999999,0
2,9,4,21,12,penalty,58.98567727272753,0.14,0.05
2,0,5,21,12,penalty,136.33898181818202,0,0
2,1,5,21,12,penalty,286.4235538461538,0.07,0
2,2,5,21,12,penalty,95.47083333333346,0.5,0
2,3,5,21,12,penalty,66.70841351351322,0.06999999999999999,0.03
2,4,5,21,12,penalty,130.18687894736848,0.060000000000000005,0
2,5,5,21,12,penalty,100.72594411764712,0.09000000000000002,0
2,6,5,21,12,penalty,103.52068787878807,0.030000000000000002,0
2,7,5,21,12,penalty,83.12361999999976,0.02,0.01
2,8,5,21,12,penalty,147.10400714285706,0,0
2,9,5,21,12,penalty,104.83163863636301,0.01,0
2,0,1,21,12,cyclic,82.12998484848482,2.6,0
2,1,1,21,12,cyclic,210.39618461538515,1.8599999999999994,0
2,2,1,21,12,cyclic,108.77184285714247,0.20000000000000004,0
2,3,1,21,12,cyclic,72.42483243243261,6.050000000000001,0
2,4,1,21,12,cyclic,140.33347368420996,0.19000000000000003,0
2,5,1,21,12,cyclic,79.70483235294077,2.09,0
2,6,1,21,12,cyclic,82.26853939394013,2.1799999999999993,0
2,7,1,21,12,cyclic,87.26188666666653,0.09000000000000002,0
2,8,1,21,12,cyclic,93.40419999999988,0.09000000000000002,0
2,9,1,21,12,cyclic,60.73565227272716,6.409999999999999,1.6
2,0,2,21,12,cyclic,54.34955757575753,14.550000000000002,0
2,1,2,21,12,cyclic,161.40223846153847,0.37999999999999995,0.01
2,2,2,21,12,cyclic,79.59098571428545,4.77,0
2,3,2,21,12,cyclic,47.93739729729743,2.0,0
2,4,2,21,12,cyclic,59.93121578947361,25.029999999999998,0
2,5,2,21,12,cyclic,61.963476470588375,0.43,0
2,6,2,21,12,cyclic,44.75952424242425,10.34,0
2,7,2,21,12,cyclic,39.6544333333334,12.490000000000002,0
2,8,2,21,12,cyclic,71.83309285714267,0.14000000000000004,0
2,9,2,21,12,cyclic,26.63196363636358,18.739999999999995,9.77
2,0,3,21,12,cyclic,87.82020303030264,0.12000000000000001,0
2,1,3,21,12,cyclic,152.0864615384602,0.18000000000000005,0
2,2,3,21,12,cyclic,135.45758571428613,0.08000000000000002,0
2,3,3,21,12,cyclic,45.21242432432426,3.1300000000000003,0
2,4,3,21,12,cyclic,130.57033157894764,0.43,0
2,5,3,21,12,cyclic,53.514517647058845,5.32,0
2,6,3,21,12,cyclic,63.93586666666668,1.5599999999999996,0
2,7,3,21,12,cyclic,80.18910333333324,0.3199999999999999,0.05
2,8,3,21,12,cyclic,48.00527857142831,2.5299999999999994,0
2,9,3,21,12,cyclic,58.984195454544675,0.030000000000000002,0
2,0,4,21,12,cyclic,61.65138484848479,0.7700000000000001,0
2,1,4,21,12,cyclic,140.50308461538486,5.720000000000001,0.05
2,2,4,21,12,cyclic,67.54183809523806,6.480000000000002,0
2,3,4,21,12,cyclic,68.34437027027006,0.04,0
2,4,4,21,12,cyclic,66.3619105263152,4.8,0
2,5,4,21,12,cyclic,55.73684411764729,0.29999999999999993,0.02
2,6,4,21,12,cyclic,61.507793939393856,1.0499999999999996,0.05
2,7,4,21,12,cyclic,77.29486333333307,0.21,0
2,8,4,21,12,cyclic,92.5059571428576,0.11,0
2,9,4,21,12,cyclic,41.930729545454604,1.2100000000000004,0.27
2,0,5,21,12,cyclic,42.91822424242437,1.5299999999999996,0.05
2,1,5,21,12,cyclic,176.9045307692309,0.16000000000000003,0.03
2,2,5,21,12,cyclic,70.91019047619018,1.5499999999999998,0
2,3,5,21,12,cyclic,67.54919999999976,0.35,0.01
2,4,5,21,12,cyclic,105.63717894736779,0.15000000000000002,0
2,5,5,21,12,cyclic,62.258438235294015,0.14,0
2,6,5,21,12,cyclic,63.42042121212139,0.6300000000000001,0
2,7,5,21,12,cyclic,62.56432333333328,0.32,0
2,8,5,21,12,cyclic,66.50019285714276,1.1099999999999999,0
2,9,5,21,12,cyclic,47.26334090909099,0.060000000000000005,0
2,0,1,21,12,commute,0.3636545454545454,100.0,0
2,1,1,21,12,commute,1.8466307692307697,99.99999999999999,2.26
2,2,1,21,12,commute,0.47627619047619046,100.0,0
2,3,1,21,12,commute,0.13442162162162155,100.0,15.079999999999998
2,4,1,21,12,commute,0.7368421052631579,100.0,0
2,5,1,21,12,commute,0.2647058823529412,100.0,0
2,6,1,21,12,commute,0.06060606060606061,100.0,0
2,7,1,21,12,commute,0.5000900000000001,100.0,0.13999999999999999
2,8,1,21,12,commute,0.6057821428571428,100.00000000000003,0
2,9,1,21,12,commute,0.0,100.0,100.0
2,0,2,21,12,commute,0.31340303030303013,100.0,0
2,1,2,21,12,commute,1.6753769230769229,100.0,15.959999999999999
2,2,2,21,12,commute,0.47697142857142844,100.0,0
2,3,2,21,12,commute,0.11636486486486473,100.0,23.66
2,4,2,21,12,commute,0.6322631578947367,99.99999999999999,30.099999999999998
2,5,2,21,12,commute,0.34096470588235306,100.0,9.94
2,6,2,21,12,commute,0.060633333333333164,100.0,0
2,7,2,21,12,commute,0.37427000000000016,99.99999999999997,25.85
2,8,2,21,12,commute,0.5925500000000005,99.99999999999999,0
2,9,2,21,12,commute,0.00011818181818186572,100.0,99.98
2,0,3,21,12,commute,0.20641212121212116,99.99999999999999,0
2,1,3,21,12,commute,1.201646153846154,99.99999999999999,43.37
2,2,3,21,12,commute,0.8350809523809521,99.99999999999997,3.11
2,3,3,21,12,commute,0.1322918918918922,99.99999999999997,14.46
2,4,3,21,12,commute,0.3795368421052629,99.99999999999997,57.120000000000005
2,5,3,21,12,commute,0.29069705882352936,99.99999999999999,0.66
2,6,3,21,12,commute,0.06060606060606061,100.0,0
2,7,3,21,12,commute,0.24721000000000024,99.99999999999997,27.27
2,8,3,21,12,commute,0.5795464285714286,99.99999999999997,0
2,9,3,21,12,commute,0.25022727272727285,100.0,0
2,0,4,21,12,commute,0.27120000000000055,99.99999999999997,0.02
2,1,4,21,12,commute,1.8341461538461532,100.0,32.08
2,2,4,21,12,commute,1.027538095238096,99.99999999999996,0.95
2,3,4,21,12,commute,0.08107567567567588,99.99999999999996,43.76
2,4,4,21,12,commute,0.8374157894736841,99.99999999999997,13.68
2,5,4,21,12,commute,0.2036588235294115,99.99999999999997,3.2099999999999995
2,6,4,21,12,commute,0.3469030303030303,100.0,0.01
2,7,4,21,12,commute,0.4099166666666669,99.99999999999997,29.470000000000002
2,8,4,21,12,commute,0.866732142857143,99.99999999999997,0.37
2,9,4,21,12,commute,0.238620454545455,100.0,2.77
2,0,5,21,12,commute,0.30040000000000033,99.99999999999997,0
2,1,5,21,12,commute,2.2708076923076925,99.99999999999999,13.07
2,2,5,21,12,commute,0.44454761904761886,99.99999999999994,6.74
2,3,5,21,12,commute,0.15083513513513513,99.99999999999997,37.050000000000004
2,4,5,21,12,commute,0.9276631578947372,100.0,0.8
2,5,5,21,12,commute,0.1330617647058825,100.0,37.68
2,6,5,21,12,commute,0.27286969696969654,99.99999999999997,0.03
2,7,5,21,12,commute,0.47099333333333393,99.99999999999994,22.21
2,8,5,21,12,commute,0.8011642857142844,100.0,2.44
2,9,5,21,12,commute,0.21717727272727252,99.99999999999997,45.6
2,0,1,21,12,HEA,64.07141515151511,0,0
2,1,1,21,12,HEA,182.5871230769231,0,0
2,2,1,21,12,HEA,99.444538095238,0,0
2,3,1,21,12,HEA,63.8138405405405,0,0
2,4,1,21,12,HEA,163.42720526315793,0,0
2,5,1,21,12,HEA,112.3751470588237,0,0
2,6,1,21,12,HEA,95.40135454545444,0,0
2,7,1,21,12,HEA,98.24469333333342,0,0
2,8,1,21,12,HEA,99.42817499999998,0,0
2,9,1,21,12,HEA,59.4223,0,0
2,0,2,21,12,HEA,132.70547575757584,0,0
2,1,2,21,12,HEA,337.39070769230705,0,0
2,2,2,21,12,HEA,176.57956190476193,0.01,0
2,3,2,21,12,HEA,100.15913243243199,0,0
2,4,2,21,12,HEA,214.27487894736853,0,0
2,5,2,21,12,HEA,119.98138529411669,0,0
2,6,2,21,12,HEA,120.55186060606083,0.01,0
2,7,2,21,12,HEA,129.62508000000037,0,0
2,8,2,21,12,HEA,142.87890357142837,0,0
2,9,2,21,12,HEA,90.10617954545494,0.01,0
2,0,3,21,12,HEA,135.98507575757617,0,0
2,1,3,21,12,HEA,345.6432538461535,0,0
2,2,3,21,12,HEA,207.88611428571508,0,0
2,3,3,21,12,HEA,117.75865675675647,0,0
2,4,3,21,12,HEA,241.46678947368395,0,0
2,5,3,21,12,HEA,134.85229999999996,0.02,0
2,6,3,21,12,HEA,140.94640303030258,0,0
2,7,3,21,12,HEA,155.42845333333318,0,0
2,8,3,21,12,HEA,162.98639999999986,0,0
2,9,3,21,12,HEA,103.77591363636374,0,0
2,0,4,21,12,HEA,142.48551212121265,0.01,0
2,1,4,21,12,HEA,362.15253076923176,0.01,0
2,2,4,21,12,HEA,224.74852857142898,0.01,0
2,3,4,21,12,HEA,127.32828108108095,0.01,0
2,4,4,21,12,HEA,243.6500894736849,0.02,0
2,5,4,21,12,HEA,136.22515882352974,0.02,0
2,6,4,21,12,HEA,140.08309999999958,0.01,0
2,7,4,21,12,HEA,154.4726166666667,0.01,0
2,8,4,21,12,HEA,165.29755714285676,0,0
2,9,4,21,12,HEA,105.24000227272722,0,0
2,0,5,21,12,HEA,141.05675151515155,0,0
2,1,5,21,12,HEA,358.5309769230784,0,0
2,2,5,21,12,HEA,224.031809523809,0,0
2,3,5,21,12,HEA,126.91755945945927,0,0
2,4,5,21,12,HEA,248.24152105263127,0.01,0
2,5,5,21,12,HEA,138.78952647058827,0.01,0
2,6,5,21,12,HEA,143.93484545454487,0,0
2,7,5,21,12,HEA,158.70761000000005,0,0
2,8,5,21,12,HEA,170.81089285714384,0.01,0
2,9,5,21,12,HEA,108.75038636363655,0.01,0
3,0,1,28,15,penalty,194.6980968750002,0,0
3,1,1,28,15,penalty,176.49144736842072,0,0
3,2,1,28,15,penalty,167.8425641025639,0,0
3,3,1,28,15,penalty,210.7943125,0,0
3,4,1,28,15,penalty,194.7338333333337,0,0
3,5,1,28,15,penalty,231.11348000000095,0,0
3,6,1,28,15,penalty,296.4567055555546,0,0
3,7,1,28,15,penalty,219.76963939393906,0,0
3,8,1,28,15,penalty,208.77929166666664,0,0
3,9,1,28,15,penalty,251.09641923076913,0,0
3,0,2,28,15,penalty,107.8316031250004,0.04,0.01
3,1,2,28,15,penalty,90.62130263157883,0,0
3,2,2,28,15,penalty,99.38248461538518,0,0
3,3,2,28,15,penalty,122.73340625000002,0,0
3,4,2,28,15,penalty,137.42089999999985,0.01,0.01
3,5,2,28,15,penalty,170.04306999999966,0,0
3,6,2,28,15,penalty,171.78922777777694,0,0
3,7,2,28,15,penalty,117.17976060606027,0.01,0
3,8,2,28,15,penalty,158.3621750000003,0,0
3,9,2,28,15,penalty,132.06413076922968,0.01,0
3,0,3,28,15,penalty,142.15781250000035,0,0
3,1,3,28,15,penalty,123.80716578947407,0,0
3,2,3,28,15,penalty,120.41292564102612,0.01,0
3,3,3,28,15,penalty,129.34244687499984,0,0
3,4,3,28,15,penalty,194.3274777777767,0,0
